"TAXONID","SCIENTIFICNAME","SCIENTIFICNAMEAUTHORSHIP","GENUS","SPECIFICEPITHET","FAMILY","ORDER","CLASS","PHYLUM","KINGDOM","TAXONRANK","TAXONOMICSTATUS","NOMENCLATURALSTATUS","NAMEACCORDINGTO","NAMEPUBLISHEDIN","ACCEPTEDNAMEUSAGE","TAXONREMARKS","MODIFIED","NOMENCLATURALCODE"
"por10083","Megalithistida",,,,,"Megalithistida","Demospongea","Porifera","Animalia","order",,,,,,,"01-06-2010","ICZN"
"myr10028","Siphonophorida Newport, 1844","Newport, 1844",,,,"Siphonophorida","Diplopoda","Arthropoda","Animalia","order",,,,,,"cf. Siphonophorida (Hydrozoa), latter more usually spelled Siphonophora","01-06-2010","ICZN"
"tar10006","Parachela",,,,,"Parachela","Eutardigrada","Tardigrada","Animalia","order",,,,,,,"01-06-2010","ICZN"
"ech10102","Soluta",,,,,"Soluta","Homoiostelea","Echinodermata","Animalia","order",,,,,,,"01-06-2010","ICZN"
"hex10074","Megaloptera",,,,,"Megaloptera","Insecta","Arthropoda","Animalia","order",,,,,,,"19-10-2010","ICZN"
"hex10003","Dicliptera",,,,,"Dicliptera","Insecta","Arthropoda","Animalia","order",,,,,,"Usage as in Grimaldi & Engel, 2005; = Archodonata of martynov, includes Diathemoptera and Permothemistida (listed as order elsewhere).","01-06-2010","ICZN"
"hex10021","Homoptera",,,,,"Homoptera","Insecta","Arthropoda","Animalia","order",,,,,"Hemiptera","Former order/suborder within Hemiptera, now deprecated, refer Grimaldi & Engel, 2005","01-06-2010","ICZN"
"hex10024","Isoptera",,,,,"Isoptera","Insecta","Arthropoda","Animalia","order",,,,,,,"01-06-2010","ICZN"
"hex10068","Titanoptera",,,,,"Titanoptera","Insecta","Arthropoda","Animalia","order",,,,,,,"01-06-2010","ICZN"
"hex10063","Siphonaptera",,,,,"Siphonaptera","Insecta","Arthropoda","Animalia","order",,,,,,,"01-06-2010","ICZN"
"hex10001","Anoplura",,,,,"Anoplura","Insecta","Arthropoda","Animalia","order",,,,,,,"01-06-2010","ICZN"
"hex10069","Trichoptera",,,,,"Trichoptera","Insecta","Arthropoda","Animalia","order",,,,,,,"01-06-2010","ICZN"
"hex10047","Plecoptera",,,,,"Plecoptera","Insecta","Arthropoda","Animalia","order",,,,,,,"01-06-2010","ICZN"
"hex10032","Neuroptera",,,,,"Neuroptera","Insecta","Arthropoda","Animalia","order",,,,,,,"01-06-2010","ICZN"
"hex10033","Notoptera",,,,,"Notoptera","Insecta","Arthropoda","Animalia","order",,,,,,,"01-06-2010","ICZN"
"hex10029","Mecoptera",,,,,"Mecoptera","Insecta","Arthropoda","Animalia","order",,,,,,,"01-06-2010","ICZN"
"hex10015","Diptera",,,,,"Diptera","Insecta","Arthropoda","Animalia","order",,,,,,,"01-06-2010","ICZN"
"amp10020","Phaneroglossa",,,,,"Phaneroglossa","Amphibia","Chordata","Animalia","order",,,,,,,"01-06-2010","ICZN"
"amp10005","Apoda Oppel, 1810","Oppel, 1810",,,,"Apoda","Amphibia","Chordata","Animalia","order",,,,,,"cf. Apoda (Cirripedia, Echinodermata)","01-06-2010","ICZN"
"amp10012","Microsauria",,,,,"Microsauria","Amphibia","Chordata","Animalia","order",,,,,,,"01-06-2010","ICZN"
"amp10016","Stegocephala",,,,,"Stegocephala","Amphibia","Chordata","Animalia","order",,,,,,,"01-06-2010","ICZN"
"amp10004","Anura",,,,,"Anura","Amphibia","Chordata","Animalia","order",,,,,,,"01-06-2010","ICZN"
"ave1005614","Anura Hodgson, 1841","Hodgson, 1841","Anura",,,,"Aves","Chordata","Animalia","genus",,,"Nomenclator Zoologicus","J. Asiat. Soc. Bengal, 10, 28.",,,"14-04-2009","ICZN"
"cni10008","Antipatharia",,,,,"Antipatharia","Anthozoa","Cnidaria","Animalia","order",,,,,,,"01-06-2010","ICZN"
"cni10051","Rugosa",,,,,"Rugosa","Anthozoa","Cnidaria","Animalia","order",,,,,,,"01-06-2010","ICZN"
"mol10087","Mytiloida",,,,,"Mytiloida","Bivalvia","Mollusca","Animalia","order",,,,,,,"01-06-2010","ICZN"
"cru10040","Isopoda",,,,,"Isopoda","Malacostraca","Arthropoda","Animalia","order",,,,,,,"01-06-2010","ICZN"
"cru10026","Decapoda Latreille, 1802","Latreille, 1802",,,,"Decapoda","Malacostraca","Arthropoda","Animalia","order",,,,,,"cf. Decapoda (Mollusca)","01-06-2010","ICZN"
"cha10003","Phragmophora",,,,,"Phragmophora","Sagittoidea","Chaetognatha","Animalia","order",,,,,,,"01-06-2010","ICZN"
"cru10013","Brachypoda",,,,,"Brachypoda","Cephalocarida","Arthropoda","Animalia","order",,,,,,,"01-06-2010","ICZN"
"hex10014","Diplura",,,,,"Diplura","Entognatha","Arthropoda","Animalia","order",,,,,,,"01-06-2010","ICZN"
"mol10136","Stenoglossa",,,,,"Stenoglossa","Gastropoda","Mollusca","Animalia","order",,,,,,,"01-06-2010","ICZN"
"cni10012","Chondrophora",,,,,"Chondrophora","Hydrozoa","Cnidaria","Animalia","order",,,,,,,"01-06-2010","ICZN"
"cni10070","Siphonophorida",,,,,"Siphonophorida","Hydrozoa","Cnidaria","Animalia","order",,,,,"Siphonophora","cf. Siphonophorida (Diplopoda)","01-06-2010","ICZN"
"cni10057","Siphonophora",,,,,"Siphonophora","Hydrozoa","Cnidaria","Animalia","order",,,,,,,"01-06-2010","ICZN"
"mam10056","Pilosa",,,,,"Pilosa","Mammalia","Chordata","Animalia","order",,,,,,,"01-06-2010","ICZN"
"mam10041","Mesonychia",,,,,"Mesonychia","Mammalia","Chordata","Animalia","order",,,,,,,"01-06-2010","ICZN"
"mam10074","Xenarthra",,,,,"Xenarthra","Mammalia","Chordata","Animalia","order",,,,,,,"01-06-2010","ICZN"
"mam10055","Pholidota",,,,,"Pholidota","Mammalia","Chordata","Animalia","order",,,,,,,"01-06-2010","ICZN"
"mam10014","Cingulata",,,,,"Cingulata","Mammalia","Chordata","Animalia","order",,,,,,,"01-06-2010","ICZN"
"mam10059","Proboscidea",,,,,"Proboscidea","Mammalia","Chordata","Animalia","order",,,,,,,"01-06-2010","ICZN"
"mam10026","Edentata",,,,,"Edentata","Mammalia","Chordata","Animalia","order",,,,,,,"01-06-2010","ICZN"
"ech10016","Cincta",,,,,"Cincta","Homostelea","Echinodermata","Animalia","order",,,,,,,"01-06-2010","ICZN"
"tri10005","Cyclina",,,,,"Cyclina","Marrelomorpha","Arthropoda","Animalia","order",,,,,,,"01-06-2010","ICZN"
"rep10006","Chelonia",,,,,"Chelonia","Reptilia","Chordata","Animalia","order",,,,,,,"01-06-2010","ICZN"
"rep10034","Squamata",,,,,"Squamata","Reptilia","Chordata","Animalia","order",,,,,,,"01-06-2010","ICZN"
"mol10177","Decapoda Leach, 1818","Leach, 1818",,,,"Decapoda","Cephalopoda","Mollusca","Animalia","order",,,,,"Teuthoidea","cf. Decapoda (Crustacea)","23-12-2010","ICZN"
"mol10100","Octopoda",,,,,"Octopoda","Cephalopoda","Mollusca","Animalia","order",,,,,,,"01-06-2010","ICZN"
"ech10125","Apoda Brandt, 1835","Brandt, 1835",,,,"Apoda","Holothuroidea","Echinodermata","Animalia","order",,,,,"Apodida","cf. Apoda (Amphibia, Cirripedia). Authority also cited as Lampert, 1885","23-12-2010","ICZN"
"cru10092","Darwinida Lakshminarayana & Rama Rao, 1977","Lakshminarayana & Rama Rao, 1977",,,,"Darwinida","Maxillopoda","Arthropoda","Animalia","order",,,,,,"Nomen novum for Apoda Darwin, 1854","23-12-2010","ICZN"
"cru10042","Laurida",,,,,"Laurida","Maxillopoda","Arthropoda","Animalia","order",,,,,,,"01-06-2010","ICZN"
"cru10076","Pygophora",,,,,"Pygophora","Maxillopoda","Arthropoda","Animalia","order",,,,,,,"01-06-2010","ICZN"
"cru10090","Apoda Darwin, 1854","Darwin, 1854",,,,"Apoda","Maxillopoda","Arthropoda","Animalia","order",,,,,"Darwinida","cf. Apoda (Amphibia, Echinodermata); see Darwinida Lakshminarayana & Rama Rao, 1977","01-06-2010","ICZN"
"bra1006","Lingulata",,,,,,"Lingulata","Brachiopoda","Animalia","class",,,,,,,"01-06-2010","ICZN"
"tun1001","Appendicularia",,,,,,"Appendicularia","Chordata","Animalia","class",,,,,,,"01-06-2010","ICZN"
"amp1001","Amphibia",,,,,,"Amphibia","Chordata","Animalia","class",,,,,,,"01-06-2010","ICZN"
"ech1027","Stylophora",,,,,,"Stylophora","Echinodermata","Animalia","class",,,,,,,"01-06-2010","ICZN"
"ech1023","Rhombifera",,,,,,"Rhombifera","Echinodermata","Animalia","class",,,,,,,"01-06-2010","ICZN"
"ech1005","Coronata",,,,,,"Coronata","Echinodermata","Animalia","class",,,,,,,"01-06-2010","ICZN"
"por1008","Spongiomorpha",,,,,,"Spongiomorpha","Porifera","Animalia","class",,,,,,,"01-06-2010","ICZN"
"ann1007","Polychaeta",,,,,,"Polychaeta","Annelida","Animalia","class",,,,,,,"01-06-2010","ICZN"
"ann1005","Oligochaeta",,,,,,"Oligochaeta","Annelida","Animalia","class",,,,,,,"01-06-2010","ICZN"
"ann1003","Machaeridia",,,,,,"Machaeridia","Annelida","Animalia","class",,,,,,,"01-06-2010","ICZN"
"fun1041","Saccharomycetes",,,,,,"Saccharomycetes","Ascomycota","Fungi","class",,,,,,,"01-06-2010","ICBN"
"pro1024","Filosa",,,,,,"Filosa","Sarcomastigophora","Protozoa","class",,,,,,,"01-06-2010","ICZN"
"pro1062","Polycystina",,,,,,"Polycystina","Sarcomastigophora","Protozoa","class",,,,,,,"01-06-2010","ICZN"
"pro1046","Mastigophora",,,,,,"Mastigophora","Sarcomastigophora","Protozoa","class",,,,,,,"01-06-2010","ICZN"
"pro1001","Acantharia",,,,,,"Acantharia","Sarcomastigophora","Protozoa","class",,,,,,,"01-06-2010","ICZN"
"hex100209","Caeciliidae Kolbe, 1880","Kolbe, 1880",,,"Caeciliidae","Psocoptera","Insecta","Arthropoda","Animalia","family","synonym",,"Parker 82",,"Caeciliusidae","Amended to Caeciliusidae by ICZN to remove homonymy with Caeciliidae (Amphibia), ICZN Opinions 1462 & 1830","20-09-2006","ICZN"
"ech100227","Corystidae Foster & Philip, 1978","Foster & Philip, 1978",,,"Corystidae","Holasteroida","Echinoidea","Echinodermata","Animalia","family","synonym",,"Museum Victoria KEmu database (Oct 2006)",,"Corystusidae","Junior homonym of Corystidae Samouelle, 1819 (Crustacea), now = Corystusidae (ICZN Opinion 2238, 2009)","14-11-2006","ICZN"
"mol100879","Ctenodontidae Wˆhrmann, 1893","Wˆhrmann, 1893",,,"Ctenodontidae","Nuculoida","Bivalvia","Mollusca","Animalia","family",,,"Museum Victoria KEmu database (Oct 2006)",,,"Homonym of Ctenodontidae (Pisces, fossil)","14-11-2006","ICZN"
"mol100928","Megalodontidae Morris & Lycett, 1853","Morris & Lycett, 1853",,,"Megalodontidae","Hippuritoida","Bivalvia","Mollusca","Animalia","family",,,"Museum Victoria KEmu database (Oct 2006)",,,"Homonym of Megalodontidae (Hexapoda), latter now = Megalodontesidae (ICZN Opinion 1829, 1996)","14-11-2006","ICZN"
"che100602","Cepheidae Berlese, 1896","Berlese, 1896",,,"Cepheidae","Acariformes","Arachnida","Arthropoda","Animalia","family",,,"SN2000",,,"Jun. homonym of Cepheidae (Cnidaria), apparently unreplaced (e.g. Fauna Europaea etc. still uses Cepheidae)","21-11-2006","ICZN"
"ave100014","Apodidae Hartert, 1897","Hartert, 1897",,,"Apodidae","Apodiformes","Aves","Chordata","Animalia","family",,,"Parker 82",,,,"20-09-2006","ICZN"
"pis100770","Loganellidae Halstead, 1993","Halstead, 1993",,,"Loganellidae","Phlebolepidiformes","Agnatha","Chordata","Animalia","family",,,"Benton (1993)",,,"Junior homonym of Loganellidae (Trilobita). Misspelled Loganelliidae in Paleo Database.","21-11-2006","ICZN"
"hex101388","Stygnidae Handlirsch, 1906","Handlirsch, 1906",,,"Stygnidae","Protorthoptera","Insecta","Arthropoda","Animalia","family",,,"Benton (1993)",,,"Homonym of Stygnidae (Chelicerata)","21-11-2006","ICZN"
"hex100284","Choristidae Esben-Petersen, 1915","Esben-Petersen, 1915",,,"Choristidae","Mecoptera","Insecta","Arthropoda","Animalia","family",,,"Parker 82",,,"Homonym of Choristidae (Gastropoda), latter now Choristeidae (ICZN Opinion 2047, 2003)","20-09-2006","ICZN"
"mol100751","Hippopodiidae Cox, 1969","Cox, 1969",,,"Hippopodiidae","Veneroida","Bivalvia","Mollusca","Animalia","family","synonym",,"ICZN (2003)",,"Hippopodiumidae","Junior homonym of Hippopodiidae (Cnidaria); now Hippopodiumidae (ICZN  Opinion 2036, 2003)","20-09-2006","ICZN"
"hex101389","Catiniidae Ponomarenko, 1968","Ponomarenko, 1968",,,"Catiniidae",,"Insecta","Arthropoda","Animalia","family",,,"Grimaldi & Engel, 2005",,,"Junior homonym of Catiniidae (Crustacea)","21-11-2006","ICZN"
"hem100034","Tubidendridae Kozlowski, 1949","Kozlowski, 1949",,,"Tubidendridae","Tuboidea","Graptolithina","Hemichordata","Animalia","family",,,,,,"Junior homonym of Tubidendridae (Cnidaria)","21-11-2006","ICZN"
"hex101330","Urostylidae Dallas, 1851","Dallas, 1851",,,"Urostylidae","Hemiptera","Insecta","Arthropoda","Animalia","family","synonym",,"Parker 82",,"Urostylididae","Homonym of Urostylidae (Polyhymenophora). Emended to Urostylididae (Berger et al. 2001).","20-09-2006","ICZN"
"mam100314","Paurodontidae Marsh, 1887","Marsh, 1887",,,"Paurodontidae","Dryolestida","Mammalia","Chordata","Animalia","family",,,"SN2000",,,"Senior homonym of Paurodontidae (Nemata).","20-09-2006","ICZN"
"por100256","Amphiporidae Rukhin, 1938","Rukhin, 1938",,,"Amphiporidae","Stromatoporida","Stromatoporoidea","Porifera","Animalia","family",,,"SN2000",,,"Junior homonym of Amphiporidae (Nemertea), unreplaced at present.","20-09-2006","ICZN"
"pis100186","Ctenodontidae Woodward, 1891","Woodward, 1891",,,"Ctenodontidae","Dipnoiformes","Osteichthyes","Chordata","Animalia","family",,,"SN2000",,,"Homonym of Ctenodontidae (Mollusca)","20-09-2006","ICZN"
"amp100013","Caeciliidae Rafinesque, 1814","Rafinesque, 1814",,,"Caeciliidae","Gymnophiona","Amphibia","Chordata","Animalia","family",,,"Parker 82",,,"Senior homonym of Caeciliidae (Insecta, latter now Caeciliusidae, refer ICZN Opinions 1462 & 1830). Authority also cited elsewhere as Gray, 1825.","20-09-2006","ICZN"
"mol100755","Choristidae Verrill, 1882","Verrill, 1882",,,"Choristidae","Mesogastropoda","Gastropoda","Mollusca","Animalia","family","synonym",,"CoL2006/ITIS",,"Choristeidae","Homonym of Choristidae (Mecoptera), now Choristeidae (ICZN Opinion 2047, 2003)","20-09-2006","ICZN"
"mol100753","Buliminidae Kobelt, 1880","Kobelt, 1880",,,"Buliminidae","Stylommatophora","Gastropoda","Mollusca","Animalia","family","synonym",,"ICZN (2003)",,"Enidae","Junior homonym of Buliminidae (Foraminifera), now = Buliminusidae = Enidae (ICZN, 2003)","20-09-2006","ICZN"
"mol100300","Harpidae Bronn, 1849","Bronn, 1849",,,"Harpidae","Neogastropoda","Gastropoda","Mollusca","Animalia","family",,,"Parker 82",,,"Homonym of Harpidae (Trilobita), latter now = Harpididae, refer ICZN Opinion 1436","20-09-2006","ICZN"
"por100418","Soleniscidae Borojevic et al., 1990","Borojevic et al., 1990",,,"Soleniscidae","Clathrinida","Calcarea","Porifera","Animalia","family","synonym","orthographia","Australian Faunal Directory",,"Soleneiscidae","Invalid family name (jun. homonym of Soleniscidae in Mollusca), replaced by Soleneiscidae by Borojevic et al., 2002","23-08-2007","ICZN"
"ave100204","Sagittariidae Finsch & Hartlaub, 1870","Finsch & Hartlaub, 1870",,,"Sagittariidae","Accipitriformes","Aves","Chordata","Animalia","family",,,"Parker 82",,,"Senior homonym of Sagittariidae (Protozoa)","20-09-2006","ICZN"
"alg100765","Peranemataceae Butschli, 1884","Butschli, 1884",,,"Peranemataceae","Euglenales","Euglenoidea","Euglenozoa","Protozoa","family",,,"CoL2006/AlgaeBase",,,"Listed as nom. invalid. by Panigrahi, 1986, as Peranema Dujardin is preoccupied by Peranema D. Don, 1825 in Pteridophyta.","20-09-2006","ICBN"
"hex101215","Stephanidae Leach, 1815","Leach, 1815",,,"Stephanidae","Hymenoptera","Insecta","Arthropoda","Animalia","family",,,"Parker 82",,,,"20-09-2006","ICZN"
"hex101152","Scatophagidae Robineau-Desvoidy, 1830","Robineau-Desvoidy, 1830",,,"Scatophagidae","Diptera","Insecta","Arthropoda","Animalia","family","synonym","orthographia","Parker 82",,"Scathophagidae","Homonym of Scatophagidae (Osteichthyes). Based on misspelled type genus name, correctly Scathophagus hence correct spelling is Scathophagidae, first used by Cresson, 1918. Scatophagidae also attributed to Brauer, 1883, apparently a later usage.","20-09-2006","ICZN"
"hex101176","Serendipidae Evenhuis, 1994","Evenhuis, 1994",,,"Serendipidae","Diptera","Insecta","Arthropoda","Animalia","family",,,"CoL2006/BDWD",,,"Senior homonym of Serendipidae in Cestoda, latter now = Serendipeidae","20-09-2006","ICZN"
"bac100104","Gordoniaceae Rainey, Ward-Rainey & Stackebrandt, 1997","Rainey, Ward-Rainey & Stackebrandt, 1997",,,"Gordoniaceae","Actinomycetales","Actinobacteria","Actinobacteria","Bacteria","family",,,"CoL2006/BIOS",,,"Proposed to be subsumed into fam. Nocardiaceae by Zhi et al., 2009, refer EuzÈby online (Nov 2010)","20-09-2006","BC"
"hex101369","Heterocheilidae McAlpine, 1991","McAlpine, 1991",,,"Heterocheilidae","Diptera","Insecta","Arthropoda","Animalia","family","synonym",,"Catalogue of Life 2006",,"Helcomyzidae","Family name is invalid (jr. homonym of Heterocheilidae, Nemata). Synonym assertion in IRMNG follows treatment of type genus Heterocheila Rondani, 1857 in WoRMS, Nov 2010.","14-11-2006","ICZN"
"cru101473","Apodidae Burmeister, 1846","Burmeister, 1846",,,"Apodidae","Notostraca","Branchiopoda","Arthropoda","Animalia","family","synonym",,"Tasch, 1955",,"Triopsidae","Based on Apus Cuvier, 1798, jun. homonym of Apus Scopoli, 1777 (Aves), thus invalid","03-11-2010","ICZN"
"mol100750","Sphaeriidae Jeffreys, 1862","Jeffreys, 1862",,,"Sphaeriidae","Veneroida","Bivalvia","Mollusca","Animalia","family",,,"CAAB",,,"Senior homonym of Sphaeriidae (Coleoptera); latter now = Sphaeriusidae (ICZN ruling). Partly overlaps Pisidiidae of Parker, others","20-09-2006","ICZN"
"pis100690","Drepanidae Gill, 1872","Gill, 1872",,,"Drepanidae","Perciformes","Osteichthyes","Chordata","Animalia","family","synonym",,"CAAB",,"Drepaneidae","Junior homonym of Drepanidae (Lepidoptera), now Drepaneidae (ICZN ruling)","20-09-2006","ICZN"
"mol101525","Thaididae Joussaume, 1888","Joussaume, 1888",,,"Thaididae","Neogastropoda","Gastropoda","Mollusca","Animalia","family","synonym",,"Aphia2006/E. Africa Mar. Species DB",,"Muricidae","Nom. cons. over Purpuridae and previous spelling Thaisidae, ICZN Opinion 886. Cf. Thaididae Lehtinen, 1967 (Aranae), latter now = Austrochilidae.","07-12-2006","ICZN"
"pis100151","Chilodontidae Eigenmann, 1912","Eigenmann, 1912",,,"Chilodontidae","Characiformes","Osteichthyes","Chordata","Animalia","family",,,"CoL2006/FishBase",,,,"20-09-2006","ICZN"
"pln101257","Pilocarpaceae J. Agardh, 1858","J. Agardh, 1858",,,"Pilocarpaceae","Sapindales","Magnoliopsida","Magnoliophyta","Plantae","family","synonym",,"Reveal, 2007","Theoria Syst. Pl.: 221. Apr-Sep 1858.","Rutaceae","Included in Rutaceae in APG III.","04-11-2010","ICBN"
"pln101258","Ephemeraceae Batsch, 1802","Batsch, 1802",,,"Ephemeraceae","Commelinales","Liliopsida","Magnoliophyta","Plantae","family","synonym","nom. rej.","Reveal, 2007","Tab. Affin. Regni Veg.: 125. 2 Mai 1802.","Commelinaceae","Included in Commelinaceae in APG III.","04-11-2010","ICBN"
"cru100182","Catiniidae Bocquet & Stock, 1957","Bocquet & Stock, 1957",,,"Catiniidae","Cyclopoida","Maxillopoda","Arthropoda","Animalia","family",,,"Martin & Davis 2001",,,"Senior homonym of Catiniidae (Insecta)","10-11-2006","ICZN"
"che100513","Stygnidae Simon, 1879","Simon, 1879",,,"Stygnidae","Opiliones","Arachnida","Arthropoda","Animalia","family",,,"Parker 82",,,"Homonym of Stygnidae (Insecta, fossil); latter from Benton 1993","20-09-2006","ICZN"
"hex102252","Cyclopteridae Martynova, 1938","Martynova, 1938",,,"Cyclopteridae","Mecoptera","Insecta","Arthropoda","Animalia","family","synonym",,"Carpenter, 1986",,"Cyclopterinidae","Based on  Cycloptera Martynova, 1938, now Cyclopterina, refer Carpenter, 1986","28-10-2010","ICZN"
"pln101255","Gordoniaceae Sprengel, 1826","Sprengel, 1826",,,"Gordoniaceae","Ericales","Magnoliopsida","Magnoliophyta","Plantae","family","synonym",,"Reveal, 2007","Syst. Veg. 3: 12. Jan-Mar 1826.","Theaceae","Included in Theaceae in APG III.","04-11-2010","ICBN"
"pln101256","Peranemataceae Ching, 1940","Ching, 1940",,,"Peranemataceae","Polypodiales","Filicopsida","Pteridophyta","Plantae","family","synonym","nom. cons.","Reveal, 2007","Sunyatsenia 5: 208, 246. 30 Oct 1940.","Dryopteridaceae",,"04-11-2010","ICBN"
"cni100167","Hippopodiidae Kˆlliker, 1853","Kˆlliker, 1853",,,"Hippopodiidae","Siphonophora","Hydrozoa","Cnidaria","Animalia","family",,,"Parker 82",,,"Senior homonym of Hippopodiidae (Bivalvia); latter now Hippopodiumidae (ICZN  Opinion 2036, 2003","20-09-2006","ICZN"
"fun100903","Gigaspermaceae J¸lich 1982","J¸lich 1982",,,"Gigaspermaceae","Agaricales","Agaricomycetes","Basidiomycota","Fungi","family",,,"Index Fungorum (May 2009)",,,"Junior homonym of Gigaspermaceae (Bryophyta) according to SN2000","13-07-2009","ICBN"
"cni100332","Tubidendridae Nutting, 1905","Nutting, 1905",,,"Tubidendridae","Anthoathecata","Hydrozoa","Cnidaria","Animalia","family",,,"CoL2006/URMO",,,"Senior homonym of Tubidendridae (fossil Hemichordata, Graptolithina)","20-09-2006","ICZN"
"cru100108","Axiidae Huxley, 1879","Huxley, 1879",,,"Axiidae","Decapoda","Malacostraca","Arthropoda","Animalia","family",,,"Parker 82",,,"Senior homonym of Axiidae (Lepidoptera), valid","06-11-2006","ICZN"
"alg100955","Euglenidae Stein, 1878","Stein, 1878",,,"Euglenidae","Euglenales","Euglenoidea","Euglenozoa","Protozoa","family","synonym",,"ICZN Official List",,"Euglenaceae","Family name for Euglena etc. under zoological classification, validated by ICZN, Opinion 1549 (1989); treated under botanical classification in IRMNG.","13-02-2007","ICBN"
"hex102253","Evenkiidae Rasnitsyn, 1977","Rasnitsyn, 1977",,,"Evenkiidae","Protorthoptera","Insecta","Arthropoda","Animalia","family","synonym",,"Rasnitsyn, 1983",,"Evenkidae","Based on Evenkia Rasnitsyn, 1977, latter now = Evenka Rasnitsyn, 1983","21-11-2006","ICZN"
"alg100960","Ceratiidae",,,,"Ceratiidae","Gonyaulacales","Dinophyceae","Dinophyta","Plantae","family","synonym",,"Wood, 1963",,"Ceratiaceae",,"15-11-2010","ICBN"
"cru100231","Corystidae Samouelle, 1819","Samouelle, 1819",,,"Corystidae","Decapoda","Malacostraca","Arthropoda","Animalia","family",,,"Parker 82",,,"cf. Corystidae Foster & Philip (Echinodermata), latter now Corystusidae (ICZN Opinion 2238, 2009)","08-11-2006","ICZN"
"rot100039","Clariidae Kutikova, Markevich & Spiridonov, 1990","Kutikova, Markevich & Spiridonov, 1990",,,"Clariidae","Ploima","Monogononta","Rotifera","Animalia","family","synonym",,"ICZN (2003)",,"Clariaidae","Junior homonym of Clariidae (Osteichthyes); now Clariaidae (ICZN Opinion 2032, 2003)","20-09-2006","ICZN"
"hex101358","Dromiidae Bonelli, 1810","Bonelli, 1810",,,"Dromiidae","Coleoptera","Insecta","Arthropoda","Animalia","family","synonym",,"ICZN (2006)",,"Dromiusidae","Junior homonym of Dromiidae (Brachyura), now Dromiusidae (ICZN ruling)","20-09-2006","ICZN"
"cru100968","Trapeziidae Miers, 1886","Miers, 1886",,,"Trapeziidae","Decapoda","Malacostraca","Arthropoda","Animalia","family",,,"Martin & Davis 2001",,,"Senior homonym of Trapeziidae Lamy, 1920 (Mollusca), latter now = Trapezidae.","08-11-2006","ICZN"
"cni100080","Cepheidae Claus, 1883","Claus, 1883",,,"Cepheidae","Rhizostomatida","Scyphozoa","Cnidaria","Animalia","family",,,"Parker 82",,,"Senior homonym of Cepheidae (Chelicerata), latter apparently unreplaced at present time.","20-09-2006","ICZN"
"ann100132","Polyodontidae Buchanan, 1894","Buchanan, 1894",,,"Polyodontidae","Phyllodocida","Polychaeta","Annelida","Animalia","family","synonym",,"Parker 82",,"Acoetidae","Junior homonym of Polyodontidae (Osteichthyes), now = Acoetidae (ITIS)","27-11-2006","ICZN"
"nem100169","Paurodontidae Thorne, 1941","Thorne, 1941",,,"Paurodontidae","Tylenchida","Secernentea","Nemata","Animalia","family","synonym",,"SN2000",,"Neotylenchidae","Junior homonym of Paurodontidae (Mammalia, fossil). Rejected by Fortuner & Raski, 1987 (genera allocated elsewhere).","20-09-2006","ICZN"
"che100539","Thaididae Lehtinen, 1967","Lehtinen, 1967",,,"Thaididae","Araneae","Arachnida","Arthropoda","Animalia","family","synonym",,"Parker 82",,"Austrochilidae","Currently considered a junior synonym of Austrochilidae, therefore homonymy with Thaididae Joussaume, 1888 in Mollusca not required to be addressed.","20-09-2006","ICZN"
"cru100555","Metidae Sars, 1910","Sars, 1910",,,"Metidae","Harpacticoida","Maxillopoda","Arthropoda","Animalia","family",,,"Parker 82",,,"Senior homonym of Metidae (Chelicerata)","10-11-2006","ICZN"
"ave100112","Leptosomatidae Bonaparte, 1850","Bonaparte, 1850",,,"Leptosomatidae","Coraciiformes","Aves","Chordata","Animalia","family","synonym",,"Parker 82",,"Leptosomidae","Senior homonym of Leptosomatidae (Nematoda), now = Leptosomidae (ICZN Opinion 1068, 1997)","20-09-2006","ICZN"
"hex100758","Megalodontidae Konow, 1897","Konow, 1897",,,"Megalodontidae","Hymenoptera","Insecta","Arthropoda","Animalia","family","synonym",,"Parker 82",,"Megalodontesidae","Homonym of Megalodontidae (Mollusca), spelling amended to Megalodontesidae by ICZN Opinion 1829, 1996","20-09-2006","ICZN"
"cru100847","Schistosomatidae",,,,"Schistosomatidae","Isopoda","Malacostraca","Arthropoda","Animalia","family","synonym",,"Parker 82",,"Mictosomatidae","Junior homonym of Schistosomatidae (Trematoda), now = Mictosomatidae","06-11-2006","ICZN"
"hex100140","Axiidae Rebel, 1919","Rebel, 1919",,,"Axiidae","Lepidoptera","Insecta","Arthropoda","Animalia","family","synonym",,"Parker 82",,"Cimeliidae","Junior homonym of Axiidae (Crustacea), now = Cimeliidae","20-09-2006","ICZN"
"hex100413","Drepanidae Boisduval, 1828","Boisduval, 1828",,,"Drepanidae","Lepidoptera","Insecta","Arthropoda","Animalia","family",,,"Parker 82",,,"Senior homonym of Drepanidae (Osteichthyes), latter now Drepaneidae","20-09-2006","ICZN"
"hex100993","Phyllophoridae StÂl, 1874","StÂl, 1874",,,"Phyllophoridae","Orthoptera","Insecta","Arthropoda","Animalia","family","synonym",,"Parker 82",,"Tettigoniidae","Homonym of Phyllophoridae (Holothuroidea). Listed as syn. of Tettigoniidae by http://orthoptera.speciesfile.org/ (Nov 2010).","20-09-2006","ICZN"
"cru100312","Dromiidae De Haan, 1833","De Haan, 1833",,,"Dromiidae","Decapoda","Malacostraca","Arthropoda","Animalia","family",,,"Parker 82",,,"Senior homonym of Dromiidae (Coleoptera); latter now Dromiusidae (ICZN ruling)","08-11-2006","ICZN"
"cru100101","Atyidae de Haan, 1849","de Haan, 1849",,,"Atyidae","Decapoda","Malacostraca","Arthropoda","Animalia","family",,,"Parker 82",,,"Senior homonym of Atyidae (Gastropoda), valid, refer ICZN Opinion 1553.","07-11-2006","ICZN"
"cru100174","Canuellidae Lang, 1944","Lang, 1944",,,"Canuellidae","Harpacticoida","Maxillopoda","Arthropoda","Animalia","family",,,"Parker 82",,,"Senior homonym of Canuellidae (Bryozoa), valid","10-11-2006","ICZN"
"ech100118","Phyllophoridae ÷stergren, 1907","÷stergren, 1907",,,"Phyllophoridae","Dendrochirotida","Holothuroidea","Echinodermata","Animalia","family",,,"Parker 82",,,"Junior homonym of apparently non-current family Phyllophoridae (Orthoptera).","20-09-2006","ICZN"
"nem100110","Heterocheilidae Railliet & Henry, 1905","Railliet & Henry, 1905",,,"Heterocheilidae","Ascaridida","Secernentea","Nemata","Animalia","family",,,"Parker 82",,,"Homonym of Heterocheilidae (Insecta)","20-09-2006","ICZN"
"hex100493","Euglenidae Seidlitz, 1875","Seidlitz, 1875",,,"Euglenidae","Coleoptera","Insecta","Arthropoda","Animalia","family","synonym",,"Parker 82",,"Aderidae","Syns. Aderidae, Hylophilidae, Xylophilidae (Parker). Emended to Euglenisidae by ICZN, Opinion 1549 (1989), however name Aderidae ruled to have precedence.","20-09-2006","ICZN"
"ner100001","Amphiporidae Oersted, 1844","Oersted, 1844",,,"Amphiporidae","Hoplonemertea","Enopla","Nemertea","Animalia","family",,,"Parker 82",,,"Senior homonym of fossil family Amphiporidae (Porifera).","20-09-2006","ICZN"
"hex101196","Sphaeriidae Erichson, 1845","Erichson, 1845",,,"Sphaeriidae","Coleoptera","Insecta","Arthropoda","Animalia","family",,,"Parker 82",,"Sphaeriusidae","Junior homonym of Sphaeriidae (Mollusca), now = Sphaeriusidae Erichson, 1845 (ICZN ruling no. 1957)","20-09-2006","ICZN"
"nem100193","Robertiidae Travassos & Kloss, 1960","Travassos & Kloss, 1960",,,"Robertiidae","Ascaridida","Secernentea","Nemata","Animalia","family",,,"Parker 82",,"Thelastomatidae","Senior homonym of Robertiidae (Reptilia, fossil)","20-09-2006","ICZN"
"mol100673","Tethyidae Rafinesque, 1815","Rafinesque, 1815",,,"Tethyidae","Nudibranchia","Gastropoda","Mollusca","Animalia","family","synonym",,"Parker 82",,"Tethydidae","Homonym of Tethyidae (Porifera). Now = Tethydidae (ICZN Opinion 1182)","20-09-2006","ICZN"
"nem100125","Leptosomatidae Filipjev, 1916","Filipjev, 1916",,,"Leptosomatidae","Enoplida","Adenophorea","Nemata","Animalia","family",,,"Parker 82",,,"Junior homonym of Leptosomatidae (Aves), validated by ICZN (Opinion 1068, 1997)","20-09-2006","ICZN"
"pis100129","Ceratiidae",,,,"Ceratiidae","Lophiiformes","Osteichthyes","Chordata","Animalia","family",,,"Parker 82",,,,"20-09-2006","ICZN"
"mol100070","Atyidae Thiele, 1925","Thiele, 1925",,,"Atyidae","Cephalaspidea","Gastropoda","Mollusca","Animalia","family","synonym",,"Parker 82",,"Haminoeidae","Junior homonym of Atyidae (Crustacea). Now = Atydidae (ICZN Opinion 1553) / Haminoeidae (latter seems to be current preferred name)","20-09-2006","ICZN"
"mol100152","Clionidae Rafinesque, 1815","Rafinesque, 1815",,,"Clionidae","Gymnosomata","Gastropoda","Mollusca","Animalia","family",,,"Parker 82",,,"Senior homonym of Clionidae (Porifera), latter now Clionaidae (ICZN Opinion 2133, 2006)","20-09-2006","ICZN"
"cni100404","Proporidae Sokolov, 1949","Sokolov, 1949",,,"Proporidae","Tabulata","Anthozoa","Cnidaria","Animalia","family",,,"Museum Victoria KEmu database (Oct 2006)",,,"Junior homonym of Proporidae (Platyhelminthes)","14-11-2006","ICZN"
"pla100363","Schistosomatidae Stiles & Hassall, 1898","Stiles & Hassall, 1898",,,"Schistosomatidae","Strigeidida","Trematoda","Platyhelminthes","Animalia","family",,,"Parker 82",,,"Senior homonym of Schistosomatidae (Isopoda), latter now = Mictosomatidae. Auth. also given as Looss, 1899 and Poche, 1907, but original attribution is correctly Stiles & Hassall, 1898 (incorrect original spelling Schistosomidae).","20-09-2006","ICZN"
"cni100386","Aulocystidae Sokolov, 1950","Sokolov, 1950",,,"Aulocystidae","Tabulata","Anthozoa","Cnidaria","Animalia","family",,,"Museum Victoria KEmu database (Oct 2006)",,,"Junior homonym of Aulocystidae (Porifera), unreplaced at present.","14-11-2006","ICZN"
"pro100720","Sagittariidae Grandori & Grandori, 1935","Grandori & Grandori, 1935",,,"Sagittariidae","Hymenostomatida","Oligohymenophora","Ciliophora","Protozoa","family",,,"Parker 82",,,"Junior homonym of Sagittariidae (Aves)","20-09-2006","ICZN"
"pro100891","Urostylidae B¸tschli, 1889","B¸tschli, 1889",,,"Urostylidae","Hypotrichida","Polyhymenophora","Ciliophora","Protozoa","family",,,"Parker 82",,,"Homonym of Urostylidae (Insecta), latter now = Urostylididae, refer Berger et al. 2001.","20-09-2006","ICZN"
"pro100115","Buliminidae Jones, 1875","Jones, 1875",,,"Buliminidae","Foraminiferida","Granuloreticulosa","Sarcomastigophora","Protozoa","family",,,"Parker 82",,,"Senior homonym of Buliminidae (Gastropoda), latter now = Buliminusidae =Enidae (ICZN, 2003)","20-09-2006","ICZN"
"pln100333","Gigaspermaceae Lindberg, 1865","Lindberg, 1865",,,"Gigaspermaceae","Funariales","Bryopsida","Bryophyta","Plantae","family",,,"Parker 82",,,"Senior homonym of Gigaspermaceae (Basidiomycetes) according to SN2000","20-09-2006","ICBN"
"por100062","Clionidae d'Orbigny, 1851","d'Orbigny, 1851",,,"Clionidae","Hadromerida","Demospongea","Porifera","Animalia","family","synonym",,"Parker 82",,"Clionaidae","Junior homonym of Clionidae (Mollusca), now Clionaidae (ICZN Opinion 2133, 2006)","20-09-2006","ICZN"
"por100029","Aulocystidae Sollas, 1887","Sollas, 1887",,,"Aulocystidae","Lychniscosida","Hexactinellida","Porifera","Animalia","family",,,"Parker 82",,,"Senior homonym of Aulocystidae (Cnidaria)","20-09-2006","ICZN"
"por100236","Tethyidae Gray, 1867","Gray, 1867",,,"Tethyidae","Hadromerida","Demospongea","Porifera","Animalia","family",,,"Parker 82",,,"Homonym of Tethyidae (Mollusca), latter now = Tethydidae (ICZN ruling)","20-09-2006","ICZN"
"mol100690","Trapeziidae Lamy, 1920","Lamy, 1920",,,"Trapeziidae","Veneroida","Bivalvia","Mollusca","Animalia","family","synonym",,"Parker 82",,"Trapezidae","Jun. homonym of Trapeziidae (Crustacea). Now = Trapezidae, refer ICZN (1990), Opinion 1615.","20-09-2006","ICZN"
"pis100590","Scatophagidae Bleeker, 1876","Bleeker, 1876",,,"Scatophagidae","Perciformes","Osteichthyes","Chordata","Animalia","family",,,"Parker 82",,,"Homonym of Scatophagidae (missp. for Scathophagidae), Insecta","20-09-2006","ICZN"
"pis100165","Clariidae Bonaparte, 1846","Bonaparte, 1846",,,"Clariidae","Siluriformes","Osteichthyes","Chordata","Animalia","family",,,"Parker 82",,,"Senior homonym of Clariidae (Rotifera); latter now Clariaidae (ICZN Opinion 2032, 2003)","20-09-2006","ICZN"
"pis100530","Polyodontidae Bonaparte, 1838","Bonaparte, 1838",,,"Polyodontidae","Acipenseriformes","Osteichthyes","Chordata","Animalia","family",,,"Parker 82",,,"Apparent senior homonym of Polyodontidae (Annelida); latter now = Acoetidae.","20-09-2006","ICZN"
"pis100189","Cyclopteridae Bonaparte, 1831","Bonaparte, 1831",,,"Cyclopteridae","Scorpaeniformes","Osteichthyes","Chordata","Animalia","family",,,"Parker 82",,,,"20-09-2006","ICZN"
"pln100285","Ephemeraceae Schimper, 1856","Schimper, 1856",,,"Ephemeraceae","Funariales","Bryopsida","Bryophyta","Plantae","family",,,"Parker 82",,,,"20-09-2006","ICBN"
"pla100323","Proporidae von Graff, 1882","von Graff, 1882",,,"Proporidae","Acoela","Turbellaria","Platyhelminthes","Animalia","family",,,"Parker 82",,,"Senior homonym of Proporidae (Cnidaria)","20-09-2006","ICZN"
"pro101221","Trichiidae Fries, 1821","Fries, 1821",,,"Trichiidae","Trichiales","Myxogastrea","Amoebozoa","Protozoa","family","synonym",,"SN2000",,"Trichiaceae","Treated under Botanical Code, refer ICBN, 2006 preamble.","20-09-2006","ICBN"
"cni100227","Nephthyidae",,,,"Nephthyidae","Alcyonacea","Anthozoa","Cnidaria","Animalia","family","synonym","orthographia","SN2000",,"Nephtheidae","Variant spelling (of Nephtheidae Gray, 1862 ). Cf. Nephthyidae (Annelida)","20-09-2006","ICZN"
"bry100202","Canuellidae",,,,"Canuellidae","Cyclostomata","Stenolaemata","Bryozoa","Animalia","family","synonym",,"Bock 2006",,"Cerioporidae","Junior homonym of Canuellidae (Crustacea), now = Cerioporidae","20-09-2006","ICZN"
"pro100785","Stephanidae Haeckel, 1887","Haeckel, 1887",,,"Stephanidae","Nassellaria","Polycystina","Sarcomastigophora","Protozoa","family","synonym","orthographia","Parker 82",,"Stephaniidae","Variant spelling (of Stephaniidae)","20-09-2006","ICZN"
"che100603","Metidae Simon, 1894","Simon, 1894",,,"Metidae","Araneae","Arachnida","Arthropoda","Animalia","family","synonym",,"Benton (1993)",,"Tetragnathidae","Junior homonym of Metidae (Crustacea)","21-11-2006","ICZN"
"pis101202","Evenkiidae Selezneva, 1985","Selezneva, 1985",,,"Evenkiidae","Scanilepiformes","Osteichthyes","Chordata","Animalia","family",,,"Selezneva, 1985",,,,"14-04-2009","ICZN"
"tri100153","Loganellidae Rasetti, 1959","Rasetti, 1959",,,"Loganellidae","Ptychopariida","Trilobita","Arthropoda","Animalia","family",,,"Museum Victoria KEmu database (Oct 2006)",,,"Senior homonym of Loganellidae (Pisces)","14-11-2006","ICZN"
"rep100201","Robertiidae Cluver & King, 1983","Cluver & King, 1983",,,"Robertiidae","Therapsida","Reptilia","Chordata","Animalia","family",,,"SN2000",,,"Junior homonym of Robertiidae (Nemata), latter currently = Thelastomatidae, refer Hallan, 2000-","20-09-2006","ICZN"
"mol101742","Cassididae Adams & Adams, 1853","Adams & Adams, 1853",,,"Cassididae","Mesogastropoda","Gastropoda","Mollusca","Animalia","family","synonym",,"Paleo DB (July 2008)",,"Tonnidae","Currently = Cassinae (subfam. in Tonnidae)","14-04-2010","ICZN"
"hex102129","Cassididae Gyllenhal, 1813","Gyllenhal, 1813",,,"Cassididae","Coleoptera","Insecta","Arthropoda","Animalia","family","synonym",,"Chaboo, 2000",,"Chrysomelidae","Currently = Cassidinae, subfam. of Chrysomelidae","14-04-2010","ICZN"
"hex102105","Trichiidae Fleming, 1821","Fleming, 1821",,,"Trichiidae","Coleoptera","Insecta","Arthropoda","Animalia","family","synonym",,"Krell, in BZN (2001) Comments",,"Scarabaeidae","Generally used as subfamily (Trichiinae) or tribe (Tricchiini) within Scarabaeidae, included in IRMNG on account of potential homonymy with Trichiidae (=Trichiaceae), Myxomycota (Bot.)","04-03-2010","ICZN"
"tun100046","Tethyidae Huntsman, 1912","Huntsman, 1912",,,"Tethyidae","Stolidobranchia","Ascidiacea","Chordata","Animalia","family",,,"ICZN, 1981",,"Styelidae","Rejected family-group name (ICZN Opinion 1182)","01-04-2010","ICZN"
"fun100538","Pilocarpaceae Zahlbruckner, 1905","Zahlbruckner, 1905",,,"Pilocarpaceae","Lecanorales","Lecanoromycetes","Ascomycota","Fungi","family",,,"CoL2006/Species Fungorum",,,,"20-09-2006","ICBN"
"pro101229","Tubiferidae Poche, 1913","Poche, 1913",,,"Tubiferidae","Liceales","Myxogastrea","Amoebozoa","Protozoa","family","synonym",,"Loeblich & Tappan, 1961",,"Tubiferaceae","Treated under Botanical Code, refer ICBN, 2006 preamble.","29-05-2007","ICBN"
"tri100238","Harpidae Raw, 1949","Raw, 1949",,,"Harpidae","Ptychopariida","Trilobita","Arthropoda","Animalia","family","synonym",,"Romano & Henry, 1982",,"Harpididae","Homonym of Harpidae (Mollusca). Invalid - ICZN Opinion 1436 - now = Harpididae","26-02-2010","ICZN"
"mol101709","Soleniscidae Knight, 1931","Knight, 1931",,,"Soleniscidae","Murchisoniina","Gastropoda","Mollusca","Animalia","family",,,"PaleoDB (April 2010)",,,,"15-04-2010","ICZN"
"pro101239","Vanellidae",,,,"Vanellidae","Vannellida","Flabellinea","Amoebozoa","Protozoa","family","synonym","orthographia","Cavalier-Smith & Chao, 2003",,"Vannellidae","Misspelling (of Vannellidae Bovee, 1979)","20-09-2006","ICZN"
"ave100440","Vanellidae Blyth, 1849","Blyth, 1849",,,"Vanellidae","Charadriiformes","Aves","Chordata","Animalia","family","synonym",,"SysTax: SysTax",,"Charadriidae","Small family recognised by some workers, otherwise considered a subfamily in Charadriidae","14-04-2010","ICZN"
"mol101987","Chilodontidae Wenz, 1938","Wenz, 1938",,,"Chilodontidae","Archaeogastropoda","Gastropoda","Mollusca","Animalia","family",,,"Bouchet & Rocroi, 2005",,,"Included within Trochidae in earlier treatments, recognised as distinct by e.g. Williams et al., 2008.","22-04-2010","ICZN"
"pla100518","Serendipidae Brooks & Barriga, 1995","Brooks & Barriga, 1995",,,"Serendipidae","Tetraphyllidea","Cestoda","Platyhelminthes","Animalia","family","synonym",,"Brooks & Evenhuis, 1995",,"Serendipeidae","Now = Serendipeidae, refer Brooks & Evenhuis, 1995","27-04-2010","ICZN"
"mol101988","Tubiferidae Cossmann, 1895","Cossmann, 1895",,,"Tubiferidae","Heterostropha","Gastropoda","Mollusca","Animalia","family","synonym",,"Wieczorek, 1979",,,"Senior homonym of Tubiferidae Poche, 1913 in Liceida (= Tubiferaceae in botanical classification)","30-04-2010","ICZN"
"ann100243","Nephthyidae",,,,"Nephthyidae","Phyllodocida","Polychaeta","Annelida","Animalia","family","synonym","orthographia","Beesley & Ross, 2000",,"Nephtyidae","Variant spelling (of Nephtyidae Grube, 1850). Cf. Nephthyidae (Cnidaria)","03-05-2010","ICZN"
"rep100547","Erycinidae Kuhn, 1967","Kuhn, 1967",,,"Erycinidae","Squamata","Reptilia","Chordata","Animalia","family","synonym",,"Kuhn, 1967",,"Boidae","Currently considered subfam. Erycinae in Boidae.  Cf. also Erycinidae (Mollusca) and Erycinidae (Lepidoptera).","21-09-2010","ICZN"
"hex102234","Erycinidae Swainson 1827","Swainson 1827",,,"Erycinidae","Lepidoptera","Insecta","Arthropoda","Animalia","family","synonym",,"Nomenclator Zoologicus",,"Riodinidae","Cf. also Erycinidae (Reptilia) and Erycinidae (Mollusca).","21-09-2010","ICZN"
"mol101419","Erycinidae Deshayes, 1850","Deshayes, 1850",,,"Erycinidae","Veneroida","Bivalvia","Mollusca","Animalia","family","synonym",,"Benton (1993)",,"Lasaeidae","Cf. also Erycinidae (Reptilia) and Erycinidae (Lepidoptera).","21-11-2006","ICZN"
"hex1092109","Eumegalodon Brongniart, 1891","Brongniart, 1891","Eumegalodon",,"Tettigoniidae","Orthoptera","Insecta","Arthropoda","Animalia","genus",,"novum","Nomenclator Zoologicus","Ann. Soc. ent. France, 60, Bull., clxxvi.",,"(n.n. pro Megalodon BrullË 1835) (Nomen. Zool.)","14-04-2009","ICZN"
"mol1034822","Eumegalodon Gümbel, 1862","G¸mbel, 1862","Eumegalodon",,,,,"Mollusca","Animalia","genus",,,"Nomenclator Zoologicus","S.B. Akad. Wien, Math.-naturw. Cl., 45 (1), 361.",,,"14-04-2009","ICZN"
"hex1089711","Girpa Walker, 1858","Walker, 1858","Girpa",,"Noctuidae","Lepidoptera","Insecta","Arthropoda","Animalia","genus",,,"Nomenclator Zoologicus","List Specimens Lep. Ins. Brit. Mus., 15, 1849.",,,"14-04-2009","ICZN"
"hex1088149","Girpa Walker, 1864","Walker, 1864","Girpa",,"Geometridae","Lepidoptera","Insecta","Arthropoda","Animalia","genus",,,"Nomenclator Zoologicus","List Specimens Lep. Ins. Brit. Mus., 31, 209.",,,"14-04-2009","ICZN"
"ani1000377","Halymenites Bronn, 1834","Bronn, 1834","Halymenites",,,,,,"Animalia","genus",,,"Nomenclator Zoologicus","Leth. geogn., 1, 205.",,,"14-04-2009","ICZN"
"alg1006593","Halymenites Sternberg, 1833","Sternberg, 1833","Halymenites",,,,,,"Plantae","genus",,,"Index Nominum Genericorum",,,,"29-05-2007","ICBN"
"che1007742","Heratemis Simon, 1899","Simon, 1899","Heratemis",,"Salticidae","Araneae","Arachnida","Arthropoda","Animalia","genus","synonym","invalid","Nomenclator Zoologicus","Ann. Soc. ent. Belgique, 43, 109.","Heratemita","(See Heratemita Strand 1932.) (Nomen. Zool.)","14-04-2009","ICZN"
"hex1108149","Heratemis Walker, 1860","Walker, 1860","Heratemis",,,"Hymenoptera","Insecta","Arthropoda","Animalia","genus",,,"Nomenclator Zoologicus","Ann. Mag. nat. Hist., (3) 5, 310.",,,"14-04-2009","ICZN"
"ave1001356","Oenanthe Vieillot, 1816","Vieillot, 1816","Oenanthe",,"Muscicapidae","Passeriformes","Aves","Chordata","Animalia","genus","valid",,"SN2000/Monroe Jr. & Sibley, 1993; Nomenclator Zoologicus","Analyse, 43.",,,"21-09-2006","ICZN"
"pln1001384","Oenanthe Linnaeus, 1753","Linnaeus, 1753","Oenanthe",,"Apiaceae","Apiales","Magnoliopsida","Magnoliophyta","Plantae","genus","accepted",,"SN2000/Takhtajan, 1997; Index Nominum Genericorum",,,,"21-09-2006","ICBN"
"ave1004549","Aenanthe Pallas, 1771","Pallas, 1771","Aenanthe",,"Muscicapidae","Passeriformes","Aves","Chordata","Animalia","genus","synonym","orthographia","Nomenclator Zoologicus","Reise Russ., 1, 443.","Oenanthe Vieillot, 1816","Invalid name (nomen nudum). see Oenanthe (Nomen. Zool.). misspelling/variant spelling","14-04-2009","ICZN"
"hex1153373","Parazygocera Heller, 1924","Heller, 1924","Parazygocera",,,"Coleoptera","Insecta","Arthropoda","Animalia","genus",,,"Nomenclator Zoologicus","Ent. Mitt., 13, 200.",,,"14-04-2009","ICZN"
"hex1008803","Parazygocera Breuning, 1978","Breuning, 1978","Parazygocera",,"Cerambycidae","Coleoptera","Insecta","Arthropoda","Animalia","genus","valid",,"SN2000 unverified/Stang, 2004-present; Nomenclator Zoologicus","Folia ent. hung. 31 (2): 68.",,,"21-09-2006","ICZN"
"alg1003949","Isoptera Okamura, 1901","Okamura, 1901","Isoptera",,"Rhodomelaceae","Ceramiales","Rhodophyceae","Rhodophyta","Plantae","genus",,,"CoL2006/AlgaeBase; Index Nominum Genericorum",,,,"21-09-2006","ICBN"
"pln1041444","Isoptera Scheffer ex Burck, 1887","Scheffer ex Burck, 1887","Isoptera",,"Dipterocarpaceae","Malvales","Magnoliopsida","Magnoliophyta","Plantae","genus",,,"Index Nominum Genericorum",,,,"29-05-2007","ICBN"
"mol1024692","Amphibia Berthold, 1827","Berthold, 1827","Amphibia",,,,,"Mollusca","Animalia","genus",,,"Nomenclator Zoologicus","in Latreille, Nat. Fam. Thierr., 174, 564.",,"(emend. pro Succinea Draparnaud 1801) (Nomen. Zool.)","14-04-2009","ICZN"
"alg1003942","Amphibia Stackhouse, 1809","Stackhouse, 1809","Amphibia",,"Rhodomelaceae","Ceramiales","Rhodophyceae","Rhodophyta","Plantae","genus",,"rejiciendum","CoL2006/AlgaeBase; Index Nominum Genericorum",,,"Nom. rej.","21-09-2006","ICBN"
"hex1065119","Amphibia Perroud & Montrouzier, 1864","Perroud & Montrouzier, 1864","Amphibia",,"Carabidae","Coleoptera","Insecta","Arthropoda","Animalia","genus",,,"Australian Faunal Directory (August 2007); Nomenclator Zoologicus","Ann. Soc. linn. Lyon, 11, 69.",,,"03-09-2007","ICZN"

"alg1003972","Acanthophora J.V.F. Lamouroux, 1813","J.V.F. Lamouroux, 1813","Acanthophora",,"Rhodomelaceae","Ceramiales","Rhodophyceae","Rhodophyta","Plantae","genus","accepted",,"SN2000/de Jong et al., 1999; Index Nominum Genericorum",,,,"21-09-2006","ICBN"
"hex1088048","Acanthophora Hulst, 1896","Hulst, 1896","Acanthophora",,"Geometridae","Lepidoptera","Insecta","Arthropoda","Animalia","genus","synonym","invalid","Nomenclator Zoologicus","Trans. Amer. ent. Soc., 23, 320, 365.","Acanthotoca","(See Acanthotoca Fletcher 1979) (Nomen. Zool.)","14-04-2009","ICZN"
"hex1090241","Acanthophora Borgmeier, 1922","Borgmeier, 1922","Acanthophora",,"Phoridae","Diptera","Insecta","Arthropoda","Animalia","genus","synonym","invalid","Nomenclator Zoologicus","Z. Dtsch. Ver. Wiss. u. Kunst S. Paulo, 3, 164.","Acanthophorides","(See Acanthophorides Borgmeier 1924.) (Nomen. Zool.)","14-04-2009","ICZN"
"pln1019319","Acanthophora Merrill, 1918","Merrill, 1918","Acanthophora",,"Araliaceae","Apiales","Magnoliopsida","Magnoliophyta","Plantae","genus",,,"CoL2006; Index Nominum Genericorum",,,,"14-11-2006","ICBN"
"por1001935","Acanthophora Sollas, 1873","Sollas, 1873","Acanthophora",,,"Astrophorida","Demospongea","Porifera","Animalia","genus","valid",,"Sepkoski (2002); Nomenclator Zoologicus","Quart. J. geol. Soc., 29, 79.",,,"06-02-2007","ICZN"

"1295392","Tulostoma Persoon, 1794","Persoon, 1794","Tulostoma",,"Agaricaceae","Agaricales","Agaricomycetes","Basidiomycota","Fungi","genus","accepted",,"SN2000/Kirk et al., 2001; Index Nominum Genericorum; Index Fungorum",,"Tulostoma Persoon, 1794","Authority cited elsewhere as Persoon, 1801","21-09-2006","ICBN"
"1295393","Tulostoma Nevill, 1885","Nevill, 1885","Tulostoma",,"Viviparidae","Mesogastropoda","Gastropoda","Mollusca","Animalia","genus","synonym","orthographia","Nomenclator Zoologicus","Hand List Moll. Indian Mus., 2, 32.","Tulotoma","(err. pro Tulot- Haldeman 1840) (Nomen. Zool.)","14-04-2009","ICZN"

"markus01","Amphibia hybrid × formula Perroud & Montrouzier, 1864",,"Amphibia",,"Carabidae","Coleoptera","Insecta","Arthropoda","Animalia","genus",,,,,,,,"ICZN"
"markus02","Virus name 13 Ictv",,,,,,,,"Virus","species",,,,,,,,"ICTV"
"markus03","Markusgenus Döring",,,,,,,,"Plantae","genus",,,,,,,,"ICBN"
"markus04","Markusgenus Hannover",,,,,,,"Arthropoda","Animalia",,,,,,,,,"ICZN"
"markus05","Markusgenus London",,,,,,,"Chordata","Animalia","gennusss",,,,,,,,"ICZN"

"interRankHomonym1","Chaetognatha Felder, 1874","Felder, 1874",,,,"Lepidoptera","Insecta","Arthropoda","Animalia",,,,,,,,,"ICZN"